"","hamming","rf","rrf","nniu","rspr","tbr"
"1",3,50,50,145,3,3
"2",8,90,90,299,10,10
"3",5,94,94,306,5,5
"4",5,48,48,126,7,7
"5",7,82,82,254,11,11
"6",7,84,84,275,8,8
"7",2,44,44,120,2,2
"8",7,108,108,369,10,10
"9",9,96,96,282,12,12
"10",4,78,78,251,4,4
"11",4,60,60,163,5,5
"12",7,94,96,313,9,8
"13",4,50,50,114,5,5
"14",5,64,64,195,7,7
"15",1,10,10,10,2,2
"16",2,14,14,13,2,2
"17",7,90,90,299,8,8
"18",4,66,66,152,5,5
"19",9,108,108,362,14,14
"20",5,68,68,211,5,5
"21",6,110,110,377,7,7
"22",4,60,60,167,4,4
"23",10,110,110,377,12,12
"24",6,80,80,223,9,9
"25",1,18,18,21,1,1
"26",2,38,38,94,3,3
"27",6,62,62,182,8,8
"28",1,2,2,1,1,1
"29",9,88,88,271,11,11
"30",7,92,94,305,9,8
"31",5,72,72,227,5,5
"32",6,90,90,299,8,8
"33",8,84,84,275,9,9
"34",6,88,88,278,9,8
"35",7,94,94,306,9,9
"36",5,98,98,329,7,7
"37",7,76,76,243,9,9
"38",10,96,96,321,14,13
"39",10,116,116,401,16,16
"40",2,62,62,182,3,3
"41",3,44,44,115,7,7
"42",6,96,96,321,6,6
"43",9,98,98,322,11,11
"44",8,92,92,271,11,11
"45",2,28,28,63,2,2
"46",3,32,32,73,5,5
"47",2,34,34,91,3,3
"48",5,90,90,292,8,8
"49",7,88,88,291,9,9
"50",9,58,58,155,12,11
"51",4,54,54,153,4,4
"52",6,52,52,146,7,7
"53",2,52,52,152,4,4
"54",5,62,62,162,6,6
"55",4,78,78,251,4,4
"56",4,86,86,283,6,6
"57",9,84,84,275,14,14
"58",8,90,90,299,11,11
"59",7,88,88,291,9,9
"60",9,82,82,267,12,12
"61",7,88,88,291,10,10
"62",5,88,88,291,5,5
"63",5,62,62,162,9,9
"64",9,118,118,408,14,14
"65",7,124,124,429,7,7
"66",4,100,100,312,4,4
"67",7,82,82,253,8,8
"68",9,112,112,385,10,10
"69",1,10,10,10,3,3
"70",10,86,86,276,16,16
"71",9,110,110,377,12,12
"72",7,114,114,393,8,8
"73",10,102,102,345,15,15
"74",1,16,16,18,3,3
"75",1,34,34,91,1,1
"76",10,110,110,377,11,11
"77",3,68,68,211,4,4
"78",4,12,12,10,5,4
"79",9,88,90,291,12,12
"80",9,100,100,337,11,11
"81",2,16,16,18,4,4
"82",4,38,38,105,6,6
"83",1,22,24,52,1,1
"84",8,102,104,345,10,10
"85",3,76,78,213,3,3
"86",5,56,56,159,6,6
"87",1,2,2,1,1,1
"88",10,92,94,305,13,13
"89",3,72,74,227,4,4
"90",2,18,18,19,3,3
"91",8,80,82,259,12,12
"92",4,62,64,134,6,6
"93",9,120,122,415,9,9
"94",9,104,106,353,13,13
"95",7,108,110,362,8,8
"96",7,68,68,183,9,8
"97",8,114,116,393,9,9
"98",9,86,88,283,13,12
"99",1,36,36,98,1,1
"100",7,100,100,294,11,11
"101",7,88,88,291,12,12
"102",3,38,38,105,3,3
"103",4,70,70,219,6,6
"104",5,70,70,212,5,5
"105",9,88,90,284,10,10
"106",4,66,66,203,6,6
"107",5,78,78,244,6,6
"108",6,88,88,291,10,10
"109",5,72,72,227,5,5
"110",2,14,14,13,2,2
"111",1,26,26,62,1,1
"112",3,70,70,219,4,4
"113",4,80,80,198,6,6
"114",7,76,76,243,10,10
"115",9,104,104,353,14,14
"116",5,94,96,313,5,5
"117",8,102,102,338,9,9
"118",2,58,58,170,4,4
"119",9,94,94,306,11,10
"120",3,50,52,134,4,4
"121",0,0,0,0,0,0
"122",3,78,78,251,3,3
"123",5,84,84,230,7,7
"124",10,50,50,139,11,10
"125",1,2,2,1,1,1
"126",2,52,52,152,2,2
"127",5,54,54,138,6,6
"128",8,74,74,235,10,10
"129",3,58,58,139,3,3
"130",2,10,10,8,3,3
"131",7,90,90,269,10,10
"132",10,108,108,369,14,14
"133",1,12,12,12,2,2
"134",8,70,70,219,9,9
"135",6,50,50,133,6,6
"136",7,74,74,235,7,7
"137",8,74,74,186,9,9
"138",3,48,50,138,3,3
"139",9,88,88,284,14,16
"140",9,92,94,305,12,10
"141",8,82,82,267,11,11
"142",5,60,60,176,5,5
"143",2,22,22,48,2,2
"144",7,74,74,235,9,8
"145",3,58,58,127,3,3
"146",5,56,56,159,8,8
"147",6,78,80,244,6,5
"148",1,38,38,105,1,1
"149",2,70,70,219,2,2
"150",3,50,50,139,3,3
"151",8,92,92,254,9,9
"152",3,56,56,164,6,6
"153",10,82,84,254,13,12
"154",9,108,108,369,12,12
"155",3,50,50,145,5,5
"156",1,40,40,112,1,1
"157",1,38,38,105,2,2
"158",10,112,114,378,12,11
"159",7,76,76,243,9,9
"160",10,104,104,353,10,10
"161",2,38,38,72,2,2
"162",5,70,70,189,7,7
"163",3,62,62,177,3,3
"164",4,68,68,211,4,4
"165",2,56,56,164,2,2
"166",1,2,2,1,1,1
"167",7,118,120,408,9,9
"168",7,86,86,283,9,9
"169",3,30,30,64,3,3
"170",4,72,74,227,5,5
"171",9,80,80,185,12,11
"172",4,60,60,146,6,6
"173",7,98,100,329,9,8
"174",2,60,60,176,3,3
"175",9,78,78,244,8,8
"176",4,82,82,267,4,4
"177",4,78,78,251,5,5
"178",3,50,50,101,3,3
"179",3,82,82,267,7,7
"180",9,96,96,321,14,14
"181",8,110,110,377,12,12
"182",6,36,36,86,9,9
"183",6,78,78,215,6,6
"184",4,72,72,188,5,5
"185",8,78,78,238,12,12
"186",8,74,74,235,11,11
"187",2,40,40,112,4,4
"188",2,82,82,267,2,2
"189",7,64,64,174,10,10
"190",9,82,82,267,11,11
"191",3,56,56,141,3,3
"192",3,44,44,83,4,4
"193",4,82,82,267,6,6
"194",7,90,90,253,8,7
"195",9,74,74,228,13,13
"196",5,82,82,267,7,7
"197",8,86,86,283,12,11
"198",10,110,110,370,12,12
"199",4,70,70,219,5,5
"200",1,6,6,5,1,1
"201",7,98,98,329,9,9
"202",6,92,92,305,8,8
"203",5,64,64,195,5,5
"204",7,98,98,329,12,12
"205",7,102,102,345,10,10
"206",2,44,44,124,3,3
"207",9,86,86,283,12,11
"208",7,100,100,337,7,7
"209",7,68,68,211,11,11
"210",1,38,38,105,2,2
"211",9,80,80,259,15,15
"212",7,102,102,345,12,12
"213",10,108,108,362,14,14
"214",8,108,108,356,7,7
"215",3,58,58,165,5,5
"216",8,122,122,422,11,11
"217",4,48,48,138,5,5
"218",2,24,24,57,2,2
"219",5,102,102,345,8,8
"220",7,58,58,156,6,6
"221",5,78,78,251,8,8
"222",7,98,98,329,11,11
"223",9,76,76,236,11,11
"224",4,90,90,228,7,7
"225",9,100,100,337,11,11
"226",5,64,64,195,6,6
"227",5,60,60,171,7,7
"228",3,54,54,158,6,6
"229",1,8,8,7,1,1
"230",8,102,104,345,11,10
"231",2,28,28,63,4,4
"232",3,38,40,105,4,3
"233",1,32,32,84,1,1
"234",10,104,104,304,12,12
"235",2,26,26,62,2,2
"236",1,46,46,131,3,3
"237",8,126,126,436,11,11
"238",1,32,32,84,1,1
"239",3,42,42,98,7,7
"240",3,50,50,119,6,6
"241",4,46,46,131,4,4
"242",7,56,56,159,9,9
"243",0,0,0,0,0,0
"244",10,108,108,369,12,11
"245",1,16,16,18,1,1
"246",10,96,96,321,16,16
"247",4,96,96,321,7,7
"248",5,72,72,227,8,8
"249",1,30,30,72,3,3
"250",2,42,42,119,7,7
"251",1,42,42,119,1,1
"252",1,30,30,72,1,1
"253",6,92,92,300,8,8
"254",6,88,88,291,7,7
"255",4,44,44,124,7,7
"256",2,54,54,158,4,4
"257",5,72,72,227,7,7
"258",5,64,64,160,8,8
"259",6,84,84,275,9,9
"260",2,52,52,152,4,4
"261",4,70,70,219,6,6
"262",9,94,94,313,14,13
"263",8,68,68,204,10,9
"264",8,92,92,305,9,8
"265",6,96,96,321,8,8
"266",2,24,24,53,3,3
"267",8,112,112,385,9,9
"268",5,92,92,305,11,11
"269",8,82,82,267,10,10
"270",3,58,58,170,4,4
"271",2,4,6,3,3,2
"272",5,70,70,219,6,6
"273",3,38,38,66,4,4
"274",3,50,50,145,4,4
"275",6,50,50,145,6,6
"276",3,22,22,23,3,3
"277",3,78,78,251,4,4
"278",4,66,66,196,4,4
"279",8,90,92,299,12,12
"280",10,100,100,330,16,16
"281",2,6,6,4,3,3
"282",4,38,38,77,4,4
"283",4,78,78,244,4,4
"284",3,70,70,179,4,4
"285",7,84,84,275,8,8
"286",6,74,74,221,7,7
"287",5,70,70,212,7,7
"288",10,100,100,337,12,12
"289",8,86,86,283,10,10
"290",4,34,34,71,5,5
"291",7,74,74,235,11,11
"292",4,74,74,235,4,4
"293",6,52,52,152,7,7
"294",6,80,80,259,10,10
"295",10,88,88,284,14,14
"296",1,2,2,1,1,1
"297",8,106,106,361,12,12
"298",1,2,2,1,1,1
"299",5,88,88,291,8,8
"300",8,82,82,267,12,12
"301",6,102,102,345,12,12
"302",6,98,98,329,8,8
"303",6,92,92,305,8,8
"304",8,72,72,181,11,11
"305",8,100,100,337,11,11
"306",2,36,38,98,3,2
"307",8,74,74,235,10,10
"308",4,60,60,176,5,5
"309",10,96,96,308,20,19
"310",8,80,80,259,12,12
"311",1,22,22,52,3,3
"312",1,2,2,1,1,1
"313",7,86,86,283,8,8
"314",4,66,66,203,7,7
"315",8,108,108,369,10,10
"316",8,96,96,308,11,11
"317",9,104,104,353,9,9
"318",1,26,26,62,2,2
"319",1,2,2,1,1,1
"320",8,96,98,321,11,10
"321",10,88,90,291,14,12
"322",5,48,48,132,8,7
"323",3,20,20,47,5,5
"324",3,12,12,9,3,3
"325",6,104,104,353,9,9
"326",7,76,76,197,11,11
"327",4,60,62,159,5,5
"328",10,78,78,244,14,14
"329",8,114,114,393,11,11
"330",9,108,110,369,13,13
"331",10,78,78,244,14,14
"332",1,42,42,119,2,2
"333",10,114,114,393,11,11
"334",5,66,66,196,7,7
"335",10,118,118,408,11,11
"336",4,88,88,291,5,5
"337",1,34,34,91,4,4
"338",2,50,50,145,3,3
"339",8,90,90,299,13,13
"340",1,2,2,1,1,1
"341",2,52,52,146,2,2
"342",6,34,36,36,5,5
"343",10,102,102,345,17,17
"344",8,90,90,299,10,10
"345",1,28,28,67,1,1
"346",8,84,84,230,12,12
"347",9,92,92,305,12,12
"348",10,104,104,353,12,12
"349",4,72,72,220,5,5
"350",8,100,100,247,9,8
"351",2,26,26,62,7,7
"352",9,92,92,305,11,10
"353",10,98,98,329,10,10
"354",3,46,46,111,5,5
"355",9,138,140,495,10,9
"356",3,30,30,68,6,5
"357",3,36,36,67,4,4
"358",7,78,78,251,11,11
"359",1,4,4,3,2,2
"360",5,90,92,292,9,9
"361",2,24,24,57,2,2
"362",1,56,56,164,1,1
"363",1,44,44,124,1,1
"364",8,64,66,183,8,8
"365",6,48,48,132,7,6
"366",2,6,6,4,3,3
"367",7,100,100,337,9,9
"368",10,94,96,301,11,10
"369",6,72,72,227,8,8
"370",5,40,42,91,8,7
"371",3,66,66,203,5,5
"372",6,64,64,183,8,7
"373",10,128,128,426,13,13
"374",2,50,50,145,5,5
"375",2,8,8,6,2,2
"376",5,70,72,212,9,8
"377",8,62,62,168,12,12
"378",7,74,74,198,8,8
"379",9,96,96,321,14,14
"380",2,46,46,125,4,4
"381",2,58,58,170,2,2
"382",8,112,112,385,9,9
"383",6,78,78,251,7,7
"384",2,58,58,161,4,4
"385",10,104,104,353,15,15
"386",6,38,38,88,7,7
"387",6,72,72,227,8,8
"388",8,102,102,332,11,11
"389",9,92,92,261,14,14
"390",9,112,112,385,12,12
"391",10,78,80,244,13,12
"392",4,92,92,256,5,5
"393",10,112,112,385,15,15
"394",8,94,94,302,12,12
"395",10,94,96,289,12,11
"396",8,66,66,180,8,8
"397",10,120,122,415,16,16
"398",6,54,56,153,10,8
"399",1,16,16,18,2,2
"400",5,82,82,267,5,5
"401",7,62,62,177,10,9
"402",3,58,58,170,5,5
"403",8,66,66,196,10,9
"404",7,78,78,206,10,9
"405",7,46,46,115,8,8
"406",4,52,52,152,6,6
"407",1,2,2,1,1,1
"408",1,22,22,52,1,1
"409",5,98,98,329,9,9
"410",3,46,46,125,3,3
"411",3,54,54,158,3,3
"412",2,34,34,91,2,2
"413",3,32,32,57,6,6
"414",5,62,64,182,8,7
"415",5,40,40,72,7,7
"416",1,22,22,52,1,1
"417",1,2,2,1,1,1
"418",2,46,46,131,3,3
"419",9,80,80,259,13,13
"420",7,94,94,313,8,8
"421",10,112,112,342,14,14
"422",8,102,102,345,9,9
"423",10,100,100,337,13,13
"424",7,82,82,267,9,9
"425",4,42,42,119,6,6
"426",8,104,104,353,13,13
"427",4,72,72,185,9,9
"428",7,98,98,329,9,9
"429",2,38,38,105,2,2
"430",2,28,28,57,4,4
"431",3,68,68,211,5,5
"432",3,40,40,100,4,3
"433",9,102,102,345,13,12
"434",5,56,56,159,6,6
"435",7,86,86,283,12,12
"436",4,62,62,182,6,6
"437",2,38,38,105,2,2
"438",8,100,100,337,15,15
"439",5,62,64,182,6,5
"440",1,16,16,18,2,2
"441",5,60,60,158,5,5
"442",1,54,54,158,1,1
"443",3,62,62,173,4,4
"444",1,60,60,176,1,1
"445",7,64,64,179,10,10
"446",5,74,74,235,6,6
"447",1,2,2,1,1,1
"448",2,26,26,58,2,2
"449",2,10,10,8,2,2
"450",3,44,44,124,4,4
"451",8,100,100,337,9,9
"452",7,88,88,244,9,9
"453",4,68,68,211,5,5
"454",9,88,88,271,13,13
"455",5,64,64,171,7,7
"456",1,10,10,10,1,1
"457",6,100,100,337,9,9
"458",1,54,54,158,1,1
"459",4,86,86,283,5,5
"460",6,84,84,262,9,9
"461",9,122,122,422,12,12
"462",9,84,84,232,9,9
"463",2,64,64,195,4,4
"464",10,126,126,436,17,17
"465",9,108,108,369,15,15
"466",9,80,80,259,13,12
"467",10,74,74,235,15,14
"468",3,58,58,170,5,5
"469",5,50,50,128,6,6
"470",8,88,88,284,9,9
"471",4,82,82,267,6,6
"472",5,86,86,276,6,6
"473",3,52,52,152,3,3
"474",9,98,98,329,15,15
"475",10,110,110,377,13,13
"476",10,126,126,436,12,12
"477",6,88,88,243,6,6
"478",7,64,64,183,10,10
"479",9,104,104,353,13,12
"480",4,70,70,219,6,6
"481",5,82,82,267,5,5
"482",1,34,34,91,2,2
"483",2,38,38,99,2,2
"484",4,64,64,195,4,4
"485",1,2,2,1,1,1
"486",2,50,50,145,4,4
"487",4,66,66,203,7,7
"488",9,116,116,401,12,12
"489",9,112,112,385,16,16
"490",2,40,40,112,2,2
"491",1,2,2,1,1,1
"492",7,68,68,204,8,8
"493",3,68,68,211,5,5
"494",6,72,72,220,7,7
"495",1,10,10,10,1,1
"496",8,116,116,394,15,15
"497",1,20,20,47,1,1
"498",1,42,42,119,1,1
"499",7,82,82,260,12,12
"500",9,106,106,361,11,11
"501",6,98,98,329,7,7
"502",3,66,66,203,7,7
"503",9,86,86,283,11,11
"504",8,110,110,377,12,12
"505",7,72,72,213,7,7
"506",4,84,84,275,8,8
"507",2,40,40,106,2,2
"508",2,68,68,211,4,4
"509",7,94,94,313,11,11
"510",6,56,56,143,8,8
"511",7,74,74,228,9,9
"512",4,54,54,137,5,5
"513",3,46,46,131,3,3
"514",6,90,90,286,9,9
"515",9,56,56,150,10,10
"516",6,26,28,58,5,4
"517",8,98,98,329,9,9
"518",6,86,86,283,6,6
"519",7,90,90,299,13,13
"520",7,92,94,300,11,10
"521",6,102,104,287,7,7
"522",8,100,102,318,11,11
"523",6,68,68,169,11,10
"524",7,84,86,275,12,12
"525",7,108,110,302,13,13
"526",9,90,92,292,12,11
"527",9,82,82,267,11,11
"528",8,94,94,301,11,10
"529",7,96,98,321,9,9
"530",7,78,80,244,11,11
"531",3,54,54,153,3,3
"532",5,58,60,170,6,5
"533",3,80,82,259,3,3
"534",10,82,84,260,14,14
"535",1,2,2,1,1,1
"536",10,112,114,385,13,13
"537",1,2,2,1,1,1
"538",5,30,30,72,7,6
"539",9,94,96,313,12,12
"540",7,50,52,127,7,7
"541",10,124,126,429,13,12
"542",2,46,48,131,3,3
"543",9,52,54,140,9,9
"544",2,74,76,203,3,3
"545",1,34,36,91,1,1
"546",5,108,110,369,8,8
"547",2,46,48,131,2,1
"548",4,72,72,227,5,5
"549",3,64,64,183,5,5
"550",7,92,92,305,9,9
"551",8,108,108,369,8,8
"552",3,48,48,106,6,6
"553",6,78,78,232,8,8
"554",10,98,98,329,14,13
"555",6,94,94,313,10,10
"556",3,74,74,235,3,3
"557",3,58,58,142,3,3
"558",9,112,112,385,11,10
"559",6,68,68,204,7,7
"560",1,50,50,145,1,1
"561",8,106,106,361,11,11
"562",8,76,76,243,9,9
"563",1,42,42,119,3,3
"564",1,2,2,1,1,1
"565",6,86,86,283,8,8
"566",7,88,88,250,11,11
"567",7,88,88,291,8,8
"568",6,58,58,165,7,7
"569",4,86,86,283,4,4
"570",2,46,46,131,2,2
"571",3,60,60,142,3,3
"572",10,118,118,408,17,16
"573",5,102,102,345,8,8
"574",9,90,90,292,9,9
"575",8,118,118,408,11,11
"576",2,74,74,235,3,3
"577",6,88,88,291,9,9
"578",8,86,86,283,9,9
"579",2,46,46,131,3,3
"580",7,64,64,171,10,9
"581",7,88,88,284,10,10
"582",6,54,54,158,9,9
"583",4,68,68,171,4,4
"584",8,78,78,244,10,10
"585",8,94,94,306,11,11
"586",1,22,22,52,2,2
"587",2,30,30,68,2,2
"588",5,68,68,211,5,5
"589",1,2,2,1,1,1
"590",3,48,48,138,5,5
"591",3,52,52,152,3,3
"592",4,60,60,176,10,10
"593",4,76,76,205,4,4
"594",10,108,108,355,15,14
"595",2,42,42,82,3,3
"596",5,64,64,156,6,6
"597",3,80,80,259,3,3
"598",6,94,94,276,9,9
"599",6,58,58,161,9,9
"600",1,36,36,98,1,1
"601",4,76,76,236,4,4
"602",10,112,112,385,15,15
"603",5,56,56,159,9,9
"604",8,82,82,267,11,11
"605",5,60,60,176,6,5
"606",4,92,92,227,6,6
"607",1,8,8,7,1,1
"608",3,40,40,106,5,5
"609",9,86,86,283,10,11
"610",2,18,18,19,2,2
"611",4,62,62,182,8,8
"612",4,34,34,85,6,4
"613",2,64,64,195,2,2
"614",7,86,86,283,9,9
"615",2,48,48,114,4,4
"616",7,102,102,320,13,12
"617",8,104,104,353,12,12
"618",10,112,112,385,14,14
"619",2,32,32,73,2,2
"620",4,86,86,242,9,9
"621",8,90,90,292,11,11
"622",4,54,54,113,7,7
"623",10,102,102,345,12,11
"624",7,92,92,305,8,8
"625",9,58,58,113,9,9
"626",3,22,24,52,4,3
"627",4,70,72,219,6,6
"628",9,92,92,300,11,11
"629",10,110,112,377,11,11
"630",10,98,100,322,14,14
"631",3,68,68,166,3,3
"632",2,32,32,73,4,4
"633",10,106,106,361,14,13
"634",10,86,86,263,11,11
"635",4,102,102,345,6,6
"636",8,106,106,361,10,10
"637",3,58,60,170,4,4
"638",5,60,60,171,7,7
"639",6,84,84,275,8,8
"640",4,44,44,120,5,5
"641",2,52,52,152,2,2
"642",5,82,84,267,6,6
"643",2,4,4,2,2,2
"644",6,56,58,164,8,7
"645",6,88,88,255,6,6
"646",8,78,78,196,12,12
"647",7,48,50,76,7,7
"648",2,32,32,73,2,2
"649",7,70,70,212,9,8
"650",3,22,22,23,4,4
"651",6,70,72,184,7,6
"652",1,26,28,62,2,2
"653",2,54,54,158,2,2
"654",7,90,90,299,12,12
"655",1,24,24,57,2,2
"656",5,62,64,165,8,8
"657",1,4,4,3,2,2
"658",8,82,84,267,9,9
"659",4,60,60,176,7,7
"660",6,74,76,194,7,7
"661",6,58,58,170,6,6
"662",7,84,84,268,6,6
"663",10,108,110,369,14,14
"664",4,74,74,235,5,5
"665",2,44,44,124,2,2
"666",5,84,84,268,5,5
"667",3,46,46,125,4,4
"668",6,70,72,182,5,5
"669",5,78,78,244,7,7
"670",6,56,56,154,7,7
"671",7,80,80,259,8,8
"672",6,84,84,275,10,10
"673",7,100,100,330,8,8
"674",10,114,116,386,12,12
"675",1,6,6,5,2,2
"676",3,54,54,158,7,7
"677",10,108,110,362,14,14
"678",3,44,44,124,4,4
"679",6,106,106,336,11,11
"680",5,94,94,313,8,8
"681",6,90,90,263,6,6
"682",6,114,114,386,6,6
"683",3,88,88,284,3,3
"684",4,80,80,259,4,4
"685",10,108,108,295,13,13
"686",2,68,68,211,2,2
"687",7,86,86,283,11,11
"688",4,66,68,203,10,10
"689",3,42,44,119,4,3
"690",7,70,70,219,7,6
"691",10,136,136,486,15,14
"692",2,52,52,152,2,2
"693",2,56,56,136,3,3
"694",1,54,54,158,1,1
"695",3,52,52,116,6,6
"696",9,88,88,284,12,12
"697",4,82,82,260,4,4
"698",3,70,70,206,5,5
"699",9,100,100,330,14,14
"700",3,52,52,129,5,5
"701",10,82,82,260,12,12
"702",1,18,18,21,1,1
"703",9,100,100,337,12,12
"704",7,80,80,259,8,8
"705",2,70,70,219,4,4
"706",4,68,68,198,3,3
"707",10,90,90,292,12,12
"708",9,130,130,459,13,13
"709",10,128,128,450,15,15
"710",7,82,82,224,9,9
"711",1,30,30,72,3,3
"712",6,92,92,305,7,7
"713",10,82,84,260,13,13
"714",3,64,64,195,5,5
"715",2,36,36,98,4,4
"716",4,56,56,164,5,5
"717",9,106,106,361,13,13
"718",8,112,114,385,13,13
"719",3,40,40,79,7,7
"720",1,24,24,57,1,1
"721",8,86,86,283,11,11
"722",4,72,72,227,5,5
"723",9,118,120,408,12,11
"724",8,82,84,260,10,10
"725",1,10,10,10,1,1
"726",8,98,98,322,10,10
"727",1,34,34,91,1,1
"728",6,108,108,328,6,6
"729",1,16,16,18,2,2
"730",3,46,46,131,4,4
"731",8,136,136,486,13,13
"732",7,104,104,353,10,10
"733",10,88,88,284,12,12
"734",9,102,102,345,10,10
"735",6,86,86,243,10,10
"736",5,100,100,337,9,9
"737",5,86,86,283,6,6
"738",1,32,32,84,1,1
"739",5,70,70,212,8,9
"740",3,20,20,20,3,3
"741",8,66,66,196,11,11
"742",1,42,42,119,1,1
"743",1,18,18,21,1,1
"744",4,84,84,275,5,5
"745",9,92,92,305,16,15
"746",8,114,114,393,9,9
"747",3,42,42,119,5,5
"748",9,90,90,299,14,14
"749",5,72,72,227,5,5
"750",1,2,2,1,1,1
"751",9,108,110,369,10,10
"752",9,110,110,377,11,10
"753",6,66,66,203,8,8
"754",7,68,68,211,9,9
"755",7,76,76,243,10,10
"756",1,44,44,124,1,1
"757",10,108,110,362,18,17
"758",6,78,78,251,7,7
"759",4,72,72,227,6,6
"760",4,82,82,267,5,5
"761",7,86,86,283,8,8
"762",2,46,46,109,2,2
"763",4,64,64,195,4,4
"764",6,88,90,284,10,10
"765",10,106,108,361,16,16
"766",5,54,54,147,5,5
"767",6,72,72,227,8,8
"768",2,34,34,91,3,3
"769",4,54,54,158,6,6
"770",6,62,62,169,8,8
"771",3,34,34,69,4,4
"772",1,2,2,1,1,1
"773",3,62,62,182,4,4
"774",1,28,28,67,2,2
"775",6,86,86,276,8,8
"776",1,14,14,15,1,1
"777",2,16,16,16,2,2
"778",10,94,94,313,10,10
"779",1,2,2,1,1,1
"780",3,52,52,152,3,3
"781",9,94,94,313,15,14
"782",8,50,50,87,10,9
"783",3,50,50,139,3,3
"784",2,62,62,182,2,2
"785",7,86,86,283,7,7
"786",1,16,16,18,3,3
"787",10,102,102,345,12,12
"788",7,92,92,305,10,10
"789",5,90,92,299,7,7
"790",9,92,92,305,13,13
"791",3,30,30,72,4,3
"792",5,54,54,158,5,5
"793",7,82,82,198,8,8
"794",2,32,32,84,3,3
"795",5,74,74,205,7,7
"796",5,44,44,120,7,7
"797",7,92,92,305,11,10
"798",3,56,56,164,3,3
"799",10,98,98,329,15,15
"800",6,68,68,204,7,7
"801",9,104,104,353,11,10
"802",9,88,88,291,13,12
"803",10,88,90,284,11,10
"804",1,18,18,21,1,1
"805",5,86,86,283,8,8
"806",10,114,114,386,15,15
"807",10,58,58,156,11,11
"808",1,28,28,67,3,3
"809",10,112,112,385,16,16
"810",8,82,82,267,10,10
"811",9,118,118,402,14,14
"812",5,44,44,81,6,6
"813",5,74,74,191,8,8
"814",7,86,86,283,9,9
"815",1,6,6,5,1,1
"816",9,98,98,310,10,10
"817",10,102,102,345,14,13
"818",5,78,78,238,7,7
"819",7,76,76,236,9,9
"820",7,92,92,305,9,9
"821",1,40,40,112,1,1
"822",4,54,54,158,7,7
"823",10,100,100,330,14,13
"824",8,104,104,353,12,12
"825",6,100,100,303,11,11
"826",4,44,44,82,6,6
"827",1,28,28,67,1,1
"828",4,84,84,268,5,5
"829",9,106,106,361,11,11
"830",10,74,74,228,15,14
"831",6,60,60,171,10,10
"832",10,92,92,305,11,11
"833",3,32,32,84,6,6
"834",2,70,70,189,4,4
"835",6,74,74,235,8,8
"836",10,106,106,361,16,16
"837",9,96,96,314,13,13
"838",6,90,92,292,7,6
"839",5,66,66,167,8,7
"840",2,54,54,158,3,3
"841",1,20,20,47,1,1
"842",7,110,110,377,9,9
"843",8,92,92,305,9,9
"844",7,102,102,345,8,8
"845",3,74,74,235,3,3
"846",9,118,118,408,10,10
"847",4,54,54,153,5,5
"848",1,2,2,1,1,1
"849",8,110,110,377,10,10
"850",5,54,54,122,6,6
"851",3,44,46,124,5,4
"852",4,62,62,130,6,6
"853",6,102,102,320,11,11
"854",9,116,116,401,11,11
"855",4,60,60,176,6,6
"856",3,58,58,170,5,5
"857",8,96,96,321,12,12
"858",5,66,66,203,8,8
"859",7,88,90,240,8,7
"860",4,64,64,195,6,6
"861",8,98,98,329,9,9
"862",5,52,52,146,5,5
"863",3,38,38,72,3,3
"864",1,14,14,15,1,1
"865",4,50,50,139,7,7
"866",5,70,70,219,9,9
"867",4,106,106,361,6,6
"868",9,94,94,279,11,10
"869",8,108,108,369,14,14
"870",9,112,112,385,13,13
"871",5,88,88,291,7,7
"872",1,60,60,176,1,1
"873",6,82,82,267,8,8
"874",4,64,64,195,7,7
"875",0,0,0,0,0,0
"876",1,24,24,57,1,1
"877",4,16,16,14,5,5
"878",9,66,66,155,11,10
"879",6,82,82,221,7,7
"880",7,80,80,229,11,11
"881",8,90,90,256,13,13
"882",9,88,88,272,12,12
"883",9,98,98,329,10,10
"884",1,18,18,21,1,1
"885",10,104,104,353,11,11
"886",7,56,56,159,8,8
"887",10,108,108,339,10,9
"888",3,78,78,251,3,3
"889",3,58,58,170,4,4
"890",10,108,110,323,12,11
"891",3,72,74,227,5,5
"892",5,50,50,139,8,8
"893",7,96,98,321,13,13
"894",4,36,36,92,5,5
"895",8,112,112,385,12,12
"896",2,38,38,89,5,5
"897",10,94,94,306,13,12
"898",3,34,34,91,4,4
"899",3,60,60,176,6,6
"900",2,32,32,73,2,2
"901",7,92,92,305,10,10
"902",1,10,10,10,1,1
"903",2,52,52,152,3,3
"904",8,96,96,257,13,13
"905",2,56,56,164,2,2
"906",6,72,72,213,9,8
"907",2,24,24,57,5,5
"908",1,52,52,152,1,1
"909",3,28,28,54,5,5
"910",2,54,54,158,2,2
"911",8,106,106,309,9,9
"912",7,56,56,148,9,9
"913",4,48,48,132,4,4
"914",2,4,4,2,2,2
"915",7,98,98,329,8,8
"916",9,110,110,377,11,11
"917",5,50,50,120,6,6
"918",5,62,62,169,6,6
"919",7,94,96,306,9,9
"920",5,90,92,292,9,9
"921",7,110,112,377,10,10
"922",10,78,80,212,16,16
"923",8,82,84,226,12,12
"924",7,78,80,190,13,12
"925",7,108,110,362,12,12
"926",2,36,36,98,3,3
"927",4,70,72,212,7,7
"928",9,100,102,337,11,10
"929",9,94,96,269,12,12
"930",5,56,58,97,6,6
"931",2,30,30,72,4,4
"932",9,100,100,337,11,11
"933",8,98,100,322,11,11
"934",9,94,96,313,12,12
"935",4,84,86,275,5,5
"936",8,100,102,337,8,8
"937",9,108,110,320,14,14
"938",8,94,96,279,13,12
"939",1,36,36,98,1,1
"940",2,36,36,72,2,2
"941",7,102,104,257,10,10
"942",5,58,60,127,7,6
"943",1,66,68,203,3,3
"944",2,24,24,57,2,2
"945",5,76,78,243,7,7
"946",9,120,122,415,10,10
"947",2,42,44,119,3,3
"948",8,120,122,415,11,11
"949",8,86,88,283,11,11
"950",8,104,106,346,11,11
"951",1,14,14,15,2,2
"952",4,50,52,145,6,6
"953",1,62,64,182,1,1
"954",10,110,112,377,13,13
"955",10,100,102,330,13,13
"956",8,78,80,244,11,11
"957",5,68,70,171,9,9
"958",9,92,94,294,15,15
"959",10,112,114,385,15,15
"960",3,70,72,219,3,3
"961",6,82,84,254,8,8
"962",3,66,68,203,4,4
"963",8,106,108,348,12,12
"964",5,66,66,159,6,6
"965",1,18,18,21,1,1
"966",4,48,48,102,9,8
"967",2,90,92,257,3,3
"968",10,112,112,365,14,14
"969",2,6,6,5,2,2
"970",6,66,66,180,7,7
"971",3,14,14,13,4,4
"972",4,52,52,109,7,7
"973",7,78,78,231,9,9
"974",2,50,50,145,3,3
"975",2,52,52,124,2,2
"976",9,102,104,345,14,14
"977",4,82,84,267,5,5
"978",9,88,90,182,15,13
"979",6,94,96,272,7,7
"980",6,92,94,305,9,9
"981",3,72,74,227,3,3
"982",3,60,60,155,4,4
"983",3,84,86,275,3,3
"984",1,2,2,1,1,1
"985",1,52,52,152,1,1
"986",10,104,106,346,11,11
"987",6,66,68,168,8,8
"988",9,82,82,226,12,12
"989",10,114,116,386,15,14
"990",2,60,62,176,3,3
"991",10,98,100,329,12,10
"992",7,72,74,155,10,9
"993",6,76,76,207,9,9
"994",5,112,112,378,9,9
"995",1,36,36,98,1,1
"996",5,66,66,181,8,8
"997",7,112,114,385,10,9
"998",9,78,78,244,11,10
"999",6,86,88,276,7,7
"1000",1,4,4,3,2,2
